,,acc,validity,proximity,runtime
adult,VanillaCF,0.8241001963615417,0.8969413638114929,6.730662822723389,200.01576566696167
adult,DiverseCF,0.8241001963615417,0.6591327786445618,3.4143283367156982,847.0868806838989
adult,ProtoCF,0.8241001963615417,0.8232403993606567,6.441101551055908,388.80033659935
