,,acc,validity,proximity,runtime
adult,VanillaCF,0.8241001963615417,0.8975555896759033,6.736326217651367,15791.779628515244
adult,DiverseCF,0.8241001963615417,0.6583957672119141,3.4154560565948486,19956.062031507492
adult,ProtoCF,0.8241001963615417,0.8150104284286499,6.534848213195801,22467.604017019272
