,,acc,validity,proximity
adult,VanillaCF,0.8241001963615417,0.8914138078689575,6.703655242919922
