,,acc,validity,proximity,runtime
forktable,DiverseCF,0.8030412793159485,0.3229532837867737,2.621976375579834,5134.311264514923
