,,acc,validity,proximity,runtime
forktable,VanillaCF,0.8030412793159485,0.6538986563682556,8.321958541870117,69.02608370780945
forktable,DiverseCF,0.8030412793159485,0.3021221160888672,0.8999196887016296,110.58425951004028
forktable,ProtoCF,0.8030412793159485,0.824150562286377,8.970563888549805,116.83107614517212
forktable,CounterNet,0.8041782379150391,0.9942251443862915,8.870908737182617,1.8737692832946777
forktable,C-CHVAE,0.8030412793159485,0.6978926062583923,6.439586162567139,50.54014182090759
forktable,CLUE,0.8030412793159485,0.4290098249912262,7.877538681030273,38.504223346710205
forktable,Growing Sphere,0.8030412793159485,1.0,9.049325942993164,277.30289816856384
forktable,VAECF,0.8030412793159485,0.30210742354393005,12.321151733398438,4.680819749832153
