,,acc,validity,proximity,runtime
forktable,ProtoCF,0.8030412793159485,0.8928840756416321,10.42554759979248,6338.365922451019
