,,acc,validity,proximity,runtime
forktable,VanillaCF,0.8030412793159485,0.6535388827323914,8.321537017822266,4252.616311788559
